event_id,event_ts,user_id,org,plan,event_type,device,duration_ms
e0001,2026-01-08T19:32:00.000Z,u164,Globex,Team,chart_apply,mobile,301
e0002,2026-01-01T08:10:00.000Z,u013,Synogize,Pro,query_run,mobile,739
e0003,2026-01-11T03:58:00.000Z,u154,Globex,Team,query_run,web,849
e0004,2026-01-15T18:04:00.000Z,u155,Synogize,Pro,chart_apply,mobile,757
e0005,2026-01-30T03:23:00.000Z,u092,Acme,Free,query_run,mobile,551
e0006,2026-01-21T15:29:00.000Z,u079,Acme,Free,query_run,web,1128
e0007,2026-01-28T02:06:00.000Z,u141,Synogize,Pro,query_error,web,1026
e0008,2026-01-23T18:21:00.000Z,u032,Synogize,Pro,chart_apply,mobile,845
e0009,2026-01-01T15:01:00.000Z,u145,Acme,Free,query_error,mobile,655
e0010,2026-01-25T15:03:00.000Z,u123,Acme,Free,export_csv,web,1192
e0011,2026-01-24T00:48:00.000Z,u127,Synogize,Pro,export_csv,web,630
e0012,2026-01-12T05:32:00.000Z,u008,Acme,Free,query_error,web,1234
e0013,2026-01-17T23:22:00.000Z,u167,Acme,Free,export_csv,web,1497
e0014,2026-01-06T12:06:00.000Z,u016,Acme,Free,export_csv,mobile,465
e0015,2026-01-13T06:56:00.000Z,u089,Globex,Team,chart_apply,mobile,774
e0016,2026-01-03T08:49:00.000Z,u184,Synogize,Pro,query_error,web,1167
e0017,2026-01-23T07:54:00.000Z,u168,Globex,Team,query_error,web,344
e0018,2026-01-19T01:13:00.000Z,u005,Globex,Team,login,mobile,1050
e0019,2026-01-17T02:26:00.000Z,u097,Synogize,Pro,chart_apply,web,489
e0020,2026-01-22T05:24:00.000Z,u135,Synogize,Pro,chart_apply,mobile,1308
e0021,2026-01-19T07:04:00.000Z,u109,Synogize,Pro,login,mobile,1106
e0022,2026-01-21T03:30:00.000Z,u066,Globex,Team,export_csv,web,1241
e0023,2026-01-29T02:29:00.000Z,u044,Globex,Team,query_error,mobile,906
e0024,2026-01-11T16:01:00.000Z,u177,Globex,Team,export_csv,web,1076
e0025,2026-01-09T19:41:00.000Z,u093,Synogize,Pro,export_csv,web,1474
e0026,2026-01-12T15:54:00.000Z,u071,Globex,Team,query_error,mobile,1480
e0027,2026-01-04T21:58:00.000Z,u102,Synogize,Pro,login,web,1268
e0028,2026-01-05T21:16:00.000Z,u020,Globex,Team,chart_apply,web,896
e0029,2026-01-24T22:47:00.000Z,u015,Acme,Free,query_run,web,330
e0030,2026-01-02T19:43:00.000Z,u089,Acme,Free,query_error,mobile,1337
e0031,2026-01-11T03:45:00.000Z,u091,Globex,Team,chart_apply,mobile,548
e0032,2026-01-19T18:35:00.000Z,u146,Synogize,Pro,chart_apply,web,1086
e0033,2026-01-16T10:05:00.000Z,u146,Synogize,Pro,query_run,mobile,775
e0034,2026-01-16T16:32:00.000Z,u104,Globex,Team,query_error,mobile,911
e0035,2026-01-27T13:48:00.000Z,u086,Synogize,Pro,query_run,web,1466
e0036,2026-01-17T18:41:00.000Z,u004,Globex,Team,query_error,mobile,1486
e0037,2026-01-03T04:30:00.000Z,u069,Acme,Free,export_csv,mobile,842
e0038,2026-01-16T13:56:00.000Z,u111,Synogize,Pro,login,mobile,1017
e0039,2026-01-02T17:01:00.000Z,u136,Globex,Team,login,mobile,1161
e0040,2026-01-10T04:56:00.000Z,u115,Synogize,Pro,chart_apply,mobile,1194
e0041,2026-01-10T20:07:00.000Z,u031,Acme,Free,login,mobile,1080
e0042,2026-01-08T07:10:00.000Z,u019,Synogize,Pro,export_csv,web,1330
e0043,2026-01-17T10:51:00.000Z,u153,Acme,Free,login,mobile,808
e0044,2026-01-25T06:39:00.000Z,u073,Synogize,Pro,query_error,mobile,1489
e0045,2026-01-05T16:49:00.000Z,u051,Globex,Team,login,web,1303
e0046,2026-01-08T15:37:00.000Z,u001,Globex,Team,query_error,mobile,577
e0047,2026-01-21T00:52:00.000Z,u057,Synogize,Pro,query_error,web,811
e0048,2026-01-28T11:08:00.000Z,u191,Synogize,Pro,login,mobile,1232
e0049,2026-01-23T14:59:00.000Z,u155,Globex,Team,export_csv,web,760
e0050,2026-01-14T09:58:00.000Z,u017,Globex,Team,export_csv,mobile,544
e0051,2026-01-17T17:11:00.000Z,u082,Acme,Free,login,web,1456
e0052,2026-01-03T09:55:00.000Z,u077,Globex,Team,chart_apply,web,613
e0053,2026-01-28T06:16:00.000Z,u093,Acme,Free,query_run,mobile,1111
e0054,2026-01-27T08:55:00.000Z,u158,Globex,Team,export_csv,mobile,917
e0055,2026-01-12T08:14:00.000Z,u178,Acme,Free,chart_apply,mobile,798
e0056,2026-01-25T05:51:00.000Z,u012,Synogize,Pro,chart_apply,mobile,560
e0057,2026-01-07T20:23:00.000Z,u009,Acme,Free,chart_apply,mobile,789
e0058,2026-01-27T02:51:00.000Z,u024,Globex,Team,login,web,1335
e0059,2026-01-16T20:48:00.000Z,u146,Globex,Team,export_csv,web,387
e0060,2026-01-22T00:42:00.000Z,u108,Globex,Team,chart_apply,mobile,719
e0061,2026-01-26T22:11:00.000Z,u142,Globex,Team,export_csv,web,825
e0062,2026-01-11T03:33:00.000Z,u159,Globex,Team,query_run,mobile,1394
e0063,2026-01-16T17:30:00.000Z,u196,Synogize,Pro,query_error,web,1422
e0064,2026-01-14T01:28:00.000Z,u083,Synogize,Pro,export_csv,web,497
e0065,2026-01-14T11:04:00.000Z,u190,Acme,Free,login,mobile,920
e0066,2026-01-22T06:58:00.000Z,u083,Globex,Team,query_error,mobile,1297
e0067,2026-01-04T11:47:00.000Z,u020,Acme,Free,export_csv,mobile,1352
e0068,2026-01-25T03:35:00.000Z,u012,Synogize,Pro,chart_apply,mobile,1164
e0069,2026-01-08T05:59:00.000Z,u043,Synogize,Pro,login,web,1114
e0070,2026-01-11T05:41:00.000Z,u037,Acme,Free,chart_apply,web,834
e0071,2026-01-05T09:55:00.000Z,u015,Globex,Team,export_csv,web,848
e0072,2026-01-29T08:59:00.000Z,u109,Acme,Free,export_csv,web,1171
e0073,2026-01-10T05:43:00.000Z,u166,Acme,Free,login,web,912
e0074,2026-01-15T08:32:00.000Z,u071,Acme,Free,query_error,web,1113
e0075,2026-01-01T15:58:00.000Z,u146,Globex,Team,query_run,web,340
e0076,2026-01-04T16:05:00.000Z,u008,Synogize,Pro,chart_apply,mobile,747
e0077,2026-01-06T00:10:00.000Z,u135,Globex,Team,export_csv,web,620
e0078,2026-01-05T20:16:00.000Z,u077,Synogize,Pro,export_csv,web,869
e0079,2026-01-19T19:12:00.000Z,u113,Globex,Team,query_error,web,900
e0080,2026-01-21T11:45:00.000Z,u036,Globex,Team,export_csv,web,1252
e0081,2026-01-28T06:59:00.000Z,u117,Acme,Free,chart_apply,mobile,1251
e0082,2026-01-16T11:03:00.000Z,u174,Acme,Free,chart_apply,mobile,693
e0083,2026-01-12T17:49:00.000Z,u168,Globex,Team,query_error,mobile,405
e0084,2026-01-30T19:57:00.000Z,u119,Synogize,Pro,login,web,1066
e0085,2026-01-29T00:14:00.000Z,u017,Acme,Free,query_run,mobile,1120
e0086,2026-01-29T15:45:00.000Z,u091,Globex,Team,login,mobile,1479
e0087,2026-01-02T07:34:00.000Z,u023,Synogize,Pro,export_csv,web,1217
e0088,2026-01-11T23:30:00.000Z,u174,Synogize,Pro,query_error,web,1114
e0089,2026-01-02T00:17:00.000Z,u074,Synogize,Pro,query_run,web,858
e0090,2026-01-19T02:44:00.000Z,u066,Acme,Free,query_run,web,1292
e0091,2026-01-11T00:16:00.000Z,u077,Synogize,Pro,chart_apply,web,776
e0092,2026-01-26T08:58:00.000Z,u154,Acme,Free,query_run,web,1043
e0093,2026-01-17T10:22:00.000Z,u117,Acme,Free,query_error,mobile,1304
e0094,2026-01-17T05:18:00.000Z,u086,Globex,Team,export_csv,mobile,316
e0095,2026-01-18T04:20:00.000Z,u011,Acme,Free,export_csv,mobile,846
e0096,2026-01-03T18:28:00.000Z,u081,Acme,Free,login,mobile,1263
e0097,2026-01-27T15:07:00.000Z,u192,Globex,Team,export_csv,web,1408
e0098,2026-01-20T19:17:00.000Z,u064,Synogize,Pro,query_run,web,676
e0099,2026-01-28T15:22:00.000Z,u180,Synogize,Pro,login,web,1222
e0100,2026-01-21T21:40:00.000Z,u004,Synogize,Pro,chart_apply,web,448
e0101,2026-01-18T10:28:00.000Z,u116,Synogize,Pro,export_csv,web,575
e0102,2026-01-25T07:02:00.000Z,u009,Synogize,Pro,login,web,983
e0103,2026-01-10T05:48:00.000Z,u087,Synogize,Pro,query_error,mobile,1235
e0104,2026-01-13T09:22:00.000Z,u015,Globex,Team,query_error,web,1496
e0105,2026-01-16T14:17:00.000Z,u125,Synogize,Pro,login,web,1307
e0106,2026-01-08T15:22:00.000Z,u199,Synogize,Pro,query_run,web,1468
e0107,2026-01-18T14:06:00.000Z,u065,Synogize,Pro,chart_apply,mobile,1334
e0108,2026-01-08T08:28:00.000Z,u113,Globex,Team,query_error,mobile,1426
e0109,2026-01-10T14:15:00.000Z,u147,Acme,Free,chart_apply,web,431
e0110,2026-01-11T19:26:00.000Z,u111,Synogize,Pro,login,mobile,1179
e0111,2026-01-26T13:13:00.000Z,u074,Acme,Free,query_error,mobile,843
e0112,2026-01-25T00:34:00.000Z,u043,Acme,Free,query_run,mobile,1278
e0113,2026-01-17T01:13:00.000Z,u161,Globex,Team,login,mobile,869
e0114,2026-01-30T21:42:00.000Z,u149,Acme,Free,login,web,1354
e0115,2026-01-19T01:14:00.000Z,u103,Acme,Free,login,mobile,1120
e0116,2026-01-23T00:02:00.000Z,u194,Acme,Free,query_error,mobile,625
e0117,2026-01-16T08:55:00.000Z,u038,Globex,Team,login,web,1137
e0118,2026-01-21T09:26:00.000Z,u198,Globex,Team,export_csv,mobile,783
e0119,2026-01-22T02:25:00.000Z,u136,Globex,Team,export_csv,mobile,1475
e0120,2026-01-20T15:47:00.000Z,u095,Acme,Free,login,web,1171
e0121,2026-01-14T00:21:00.000Z,u185,Globex,Team,export_csv,mobile,356
e0122,2026-01-01T15:33:00.000Z,u069,Synogize,Pro,query_run,mobile,788
e0123,2026-01-28T08:17:00.000Z,u028,Globex,Team,query_error,web,314
e0124,2026-01-12T13:11:00.000Z,u043,Globex,Team,login,mobile,1115
e0125,2026-01-02T13:38:00.000Z,u100,Globex,Team,query_error,web,1420
e0126,2026-01-15T17:23:00.000Z,u085,Synogize,Pro,chart_apply,web,857
e0127,2026-01-02T18:27:00.000Z,u093,Acme,Free,login,mobile,1363
e0128,2026-01-26T07:58:00.000Z,u030,Globex,Team,export_csv,web,1429
e0129,2026-01-24T10:47:00.000Z,u147,Synogize,Pro,query_run,mobile,1084
e0130,2026-01-09T21:28:00.000Z,u079,Acme,Free,query_run,web,767
e0131,2026-01-13T02:42:00.000Z,u084,Acme,Free,query_run,mobile,807
e0132,2026-01-10T04:19:00.000Z,u172,Acme,Free,chart_apply,web,520
e0133,2026-01-21T16:42:00.000Z,u089,Globex,Team,query_run,mobile,487
e0134,2026-01-15T08:39:00.000Z,u012,Globex,Team,export_csv,web,677
e0135,2026-01-14T14:52:00.000Z,u193,Acme,Free,export_csv,web,859
e0136,2026-01-18T17:32:00.000Z,u007,Acme,Free,export_csv,mobile,612
e0137,2026-01-14T01:57:00.000Z,u098,Acme,Free,export_csv,web,686
e0138,2026-01-03T22:26:00.000Z,u051,Globex,Team,login,mobile,996
e0139,2026-01-18T18:04:00.000Z,u112,Globex,Team,query_run,mobile,1117
e0140,2026-01-19T01:46:00.000Z,u173,Globex,Team,login,mobile,958
e0141,2026-01-06T09:18:00.000Z,u035,Globex,Team,query_run,mobile,794
e0142,2026-01-16T02:10:00.000Z,u089,Globex,Team,export_csv,mobile,635
e0143,2026-01-10T19:38:00.000Z,u011,Acme,Free,export_csv,web,1404
e0144,2026-01-12T17:14:00.000Z,u022,Globex,Team,login,web,1044
e0145,2026-01-20T15:24:00.000Z,u003,Globex,Team,chart_apply,mobile,657
e0146,2026-01-21T15:27:00.000Z,u045,Acme,Free,query_run,web,341
e0147,2026-01-21T03:59:00.000Z,u026,Globex,Team,query_run,mobile,948
e0148,2026-01-08T08:12:00.000Z,u135,Globex,Team,query_error,mobile,1453
e0149,2026-01-29T00:05:00.000Z,u160,Synogize,Pro,query_run,web,525
e0150,2026-01-13T19:59:00.000Z,u085,Globex,Team,export_csv,web,1278
e0151,2026-01-22T11:45:00.000Z,u020,Globex,Team,chart_apply,web,1444
e0152,2026-01-21T12:21:00.000Z,u125,Synogize,Pro,export_csv,mobile,778
e0153,2026-01-14T07:39:00.000Z,u051,Globex,Team,query_run,web,698
e0154,2026-01-30T12:28:00.000Z,u142,Globex,Team,export_csv,mobile,1383
e0155,2026-01-05T01:19:00.000Z,u151,Globex,Team,chart_apply,mobile,757
e0156,2026-01-05T04:29:00.000Z,u072,Synogize,Pro,export_csv,web,576
e0157,2026-01-14T18:20:00.000Z,u087,Acme,Free,export_csv,mobile,924
e0158,2026-01-30T11:10:00.000Z,u004,Globex,Team,chart_apply,mobile,1060
e0159,2026-01-06T05:55:00.000Z,u091,Globex,Team,export_csv,web,1049
e0160,2026-01-16T13:12:00.000Z,u048,Acme,Free,chart_apply,web,1156
e0161,2026-01-02T23:00:00.000Z,u178,Globex,Team,query_run,web,697
e0162,2026-01-29T08:16:00.000Z,u148,Synogize,Pro,export_csv,web,1318
e0163,2026-01-19T15:18:00.000Z,u165,Acme,Free,export_csv,web,331
e0164,2026-01-06T04:11:00.000Z,u023,Acme,Free,chart_apply,web,797
e0165,2026-01-18T00:47:00.000Z,u088,Globex,Team,query_run,web,850
e0166,2026-01-24T04:30:00.000Z,u107,Synogize,Pro,login,web,955
e0167,2026-01-22T18:45:00.000Z,u075,Globex,Team,query_error,mobile,1353
e0168,2026-01-30T04:06:00.000Z,u062,Globex,Team,query_error,mobile,448
e0169,2026-01-29T08:35:00.000Z,u120,Acme,Free,query_run,web,777
e0170,2026-01-07T05:29:00.000Z,u184,Acme,Free,query_run,mobile,1375
e0171,2026-01-22T00:56:00.000Z,u046,Acme,Free,query_run,mobile,1042
e0172,2026-01-05T02:50:00.000Z,u043,Synogize,Pro,query_run,web,1292
e0173,2026-01-30T07:31:00.000Z,u052,Acme,Free,login,web,1483
e0174,2026-01-04T21:16:00.000Z,u137,Acme,Free,export_csv,web,1370
e0175,2026-01-10T10:09:00.000Z,u200,Globex,Team,query_run,mobile,307
e0176,2026-01-30T19:01:00.000Z,u161,Acme,Free,query_error,web,686
e0177,2026-01-04T03:21:00.000Z,u048,Synogize,Pro,query_run,mobile,970
e0178,2026-01-17T00:46:00.000Z,u151,Synogize,Pro,login,web,1070
e0179,2026-01-16T15:09:00.000Z,u095,Synogize,Pro,export_csv,web,1188
e0180,2026-01-25T13:59:00.000Z,u067,Acme,Free,query_run,mobile,1146
e0181,2026-01-14T22:32:00.000Z,u011,Synogize,Pro,chart_apply,web,930
e0182,2026-01-22T00:56:00.000Z,u056,Globex,Team,chart_apply,mobile,844
e0183,2026-01-14T14:27:00.000Z,u174,Acme,Free,login,web,939
e0184,2026-01-08T00:52:00.000Z,u116,Globex,Team,export_csv,mobile,1152
e0185,2026-01-03T01:42:00.000Z,u075,Globex,Team,export_csv,mobile,511
e0186,2026-01-09T09:36:00.000Z,u039,Globex,Team,query_error,mobile,1317
e0187,2026-01-19T12:36:00.000Z,u061,Globex,Team,export_csv,mobile,315
e0188,2026-01-10T12:40:00.000Z,u078,Acme,Free,login,web,1424
e0189,2026-01-28T21:34:00.000Z,u122,Globex,Team,login,web,1062
e0190,2026-01-02T23:08:00.000Z,u057,Acme,Free,query_run,web,763
e0191,2026-01-05T01:54:00.000Z,u072,Acme,Free,export_csv,mobile,566
e0192,2026-01-15T20:13:00.000Z,u155,Synogize,Pro,login,web,938
e0193,2026-01-13T01:09:00.000Z,u172,Globex,Team,login,web,1270
e0194,2026-01-10T19:15:00.000Z,u188,Globex,Team,chart_apply,web,1443
e0195,2026-01-11T16:38:00.000Z,u042,Acme,Free,chart_apply,mobile,658
e0196,2026-01-11T20:00:00.000Z,u023,Synogize,Pro,export_csv,mobile,663
e0197,2026-01-21T18:26:00.000Z,u015,Globex,Team,login,web,1201
e0198,2026-01-05T09:11:00.000Z,u012,Acme,Free,query_run,web,535
e0199,2026-01-13T02:43:00.000Z,u073,Acme,Free,query_error,mobile,738
e0200,2026-01-30T15:47:00.000Z,u165,Synogize,Pro,export_csv,web,344
e0201,2026-01-23T07:21:00.000Z,u126,Acme,Free,chart_apply,web,673
e0202,2026-01-19T08:50:00.000Z,u147,Acme,Free,query_error,mobile,819
e0203,2026-01-29T17:30:00.000Z,u113,Synogize,Pro,login,web,917
e0204,2026-01-17T14:57:00.000Z,u130,Acme,Free,query_run,web,1334
e0205,2026-01-18T08:25:00.000Z,u131,Globex,Team,query_error,web,1106
e0206,2026-01-21T02:21:00.000Z,u027,Acme,Free,query_run,mobile,1406
e0207,2026-01-19T00:27:00.000Z,u031,Globex,Team,query_run,web,947
e0208,2026-01-18T22:24:00.000Z,u090,Globex,Team,login,mobile,1098
e0209,2026-01-08T18:44:00.000Z,u184,Globex,Team,chart_apply,web,1030
e0210,2026-01-24T00:37:00.000Z,u101,Synogize,Pro,login,web,1060
e0211,2026-01-19T12:39:00.000Z,u027,Acme,Free,login,mobile,1284
e0212,2026-01-28T07:17:00.000Z,u096,Globex,Team,chart_apply,mobile,439
e0213,2026-01-24T21:44:00.000Z,u187,Synogize,Pro,query_error,web,775
e0214,2026-01-07T23:56:00.000Z,u106,Synogize,Pro,query_run,web,602
e0215,2026-01-18T03:03:00.000Z,u196,Globex,Team,query_error,web,819
e0216,2026-01-09T12:28:00.000Z,u162,Globex,Team,login,mobile,947
e0217,2026-01-14T15:03:00.000Z,u172,Globex,Team,query_run,web,847
e0218,2026-01-09T23:00:00.000Z,u159,Synogize,Pro,login,web,1290
e0219,2026-01-12T00:51:00.000Z,u162,Acme,Free,export_csv,web,329
e0220,2026-01-23T23:08:00.000Z,u126,Synogize,Pro,export_csv,mobile,1445
e0221,2026-01-15T11:51:00.000Z,u197,Acme,Free,export_csv,mobile,1266
e0222,2026-01-01T22:33:00.000Z,u059,Globex,Team,export_csv,web,626
e0223,2026-01-20T18:47:00.000Z,u040,Acme,Free,query_run,mobile,1359
e0224,2026-01-09T10:23:00.000Z,u015,Synogize,Pro,chart_apply,web,567
e0225,2026-01-29T06:21:00.000Z,u007,Globex,Team,query_run,web,372
e0226,2026-01-03T18:39:00.000Z,u043,Acme,Free,export_csv,web,1437
e0227,2026-01-21T07:50:00.000Z,u034,Globex,Team,login,web,1154
e0228,2026-01-27T10:43:00.000Z,u074,Synogize,Pro,query_error,mobile,669
e0229,2026-01-23T06:16:00.000Z,u104,Synogize,Pro,export_csv,mobile,391
e0230,2026-01-03T06:43:00.000Z,u026,Synogize,Pro,query_run,mobile,1368
e0231,2026-01-20T00:00:00.000Z,u019,Synogize,Pro,export_csv,web,1466
e0232,2026-01-17T05:07:00.000Z,u179,Synogize,Pro,export_csv,mobile,644
e0233,2026-01-22T06:03:00.000Z,u023,Globex,Team,query_run,mobile,1389
e0234,2026-01-03T01:21:00.000Z,u129,Synogize,Pro,export_csv,web,620
e0235,2026-01-12T16:21:00.000Z,u051,Synogize,Pro,chart_apply,web,1382
e0236,2026-01-09T19:16:00.000Z,u037,Globex,Team,query_error,web,1337
e0237,2026-01-12T23:32:00.000Z,u007,Acme,Free,export_csv,web,1430
e0238,2026-01-25T08:58:00.000Z,u002,Globex,Team,query_run,mobile,1252
e0239,2026-01-02T13:09:00.000Z,u135,Synogize,Pro,export_csv,mobile,1007
e0240,2026-01-19T10:23:00.000Z,u188,Acme,Free,chart_apply,web,1040
e0241,2026-01-15T07:57:00.000Z,u027,Acme,Free,login,mobile,1347
e0242,2026-01-23T12:40:00.000Z,u024,Acme,Free,chart_apply,web,316
e0243,2026-01-17T00:10:00.000Z,u095,Globex,Team,query_error,web,675
e0244,2026-01-29T07:45:00.000Z,u041,Globex,Team,query_error,mobile,925
e0245,2026-01-12T13:02:00.000Z,u048,Globex,Team,query_run,web,1108
e0246,2026-01-27T21:18:00.000Z,u149,Synogize,Pro,chart_apply,web,1415
e0247,2026-01-25T17:57:00.000Z,u126,Acme,Free,query_run,web,1233
e0248,2026-01-06T19:01:00.000Z,u190,Synogize,Pro,export_csv,mobile,672
e0249,2026-01-01T18:38:00.000Z,u082,Globex,Team,login,web,874
e0250,2026-01-06T01:35:00.000Z,u004,Acme,Free,query_error,mobile,909
e0251,2026-01-28T05:58:00.000Z,u148,Acme,Free,login,mobile,1387
e0252,2026-01-21T21:03:00.000Z,u052,Synogize,Pro,query_run,web,735
e0253,2026-01-21T22:46:00.000Z,u164,Synogize,Pro,query_run,mobile,1093
e0254,2026-01-13T16:20:00.000Z,u047,Synogize,Pro,login,mobile,1396
e0255,2026-01-17T18:23:00.000Z,u057,Globex,Team,login,web,1016
e0256,2026-01-12T12:11:00.000Z,u113,Globex,Team,export_csv,web,698
e0257,2026-01-15T04:19:00.000Z,u186,Synogize,Pro,query_error,web,377
e0258,2026-01-21T09:20:00.000Z,u100,Globex,Team,chart_apply,mobile,865
e0259,2026-01-23T15:45:00.000Z,u059,Acme,Free,query_run,mobile,1361
e0260,2026-01-08T14:39:00.000Z,u004,Acme,Free,export_csv,mobile,1476
e0261,2026-01-06T08:44:00.000Z,u165,Acme,Free,query_error,web,914
e0262,2026-01-01T07:39:00.000Z,u118,Acme,Free,export_csv,mobile,969
e0263,2026-01-18T07:34:00.000Z,u191,Synogize,Pro,chart_apply,mobile,1334
e0264,2026-01-10T04:08:00.000Z,u015,Synogize,Pro,export_csv,web,1386
e0265,2026-01-24T11:05:00.000Z,u078,Acme,Free,export_csv,mobile,1136
e0266,2026-01-19T03:57:00.000Z,u083,Globex,Team,chart_apply,mobile,1195
e0267,2026-01-04T20:49:00.000Z,u095,Synogize,Pro,export_csv,web,744
e0268,2026-01-02T00:35:00.000Z,u057,Acme,Free,export_csv,mobile,1350
e0269,2026-01-05T06:09:00.000Z,u180,Globex,Team,query_error,web,400
e0270,2026-01-06T03:55:00.000Z,u196,Synogize,Pro,query_error,web,681
e0271,2026-01-12T18:41:00.000Z,u078,Synogize,Pro,chart_apply,mobile,975
e0272,2026-01-27T20:30:00.000Z,u160,Globex,Team,login,web,805
e0273,2026-01-25T22:50:00.000Z,u064,Synogize,Pro,query_error,mobile,1354
e0274,2026-01-06T20:05:00.000Z,u119,Globex,Team,export_csv,mobile,991
e0275,2026-01-05T15:01:00.000Z,u174,Synogize,Pro,query_error,web,1094
e0276,2026-01-09T17:36:00.000Z,u155,Globex,Team,query_run,mobile,1475
e0277,2026-01-19T11:04:00.000Z,u096,Synogize,Pro,export_csv,mobile,459
e0278,2026-01-04T09:58:00.000Z,u079,Acme,Free,chart_apply,mobile,381
e0279,2026-01-20T17:45:00.000Z,u014,Globex,Team,login,mobile,1390
e0280,2026-01-22T09:37:00.000Z,u082,Synogize,Pro,query_run,mobile,373
e0281,2026-01-10T09:00:00.000Z,u164,Globex,Team,export_csv,mobile,486
e0282,2026-01-04T00:30:00.000Z,u134,Acme,Free,export_csv,web,524
e0283,2026-01-12T00:25:00.000Z,u050,Globex,Team,query_error,web,1149
e0284,2026-01-11T06:57:00.000Z,u144,Synogize,Pro,chart_apply,mobile,967
e0285,2026-01-23T12:38:00.000Z,u195,Globex,Team,chart_apply,web,692
e0286,2026-01-22T12:46:00.000Z,u073,Globex,Team,chart_apply,mobile,1315
e0287,2026-01-30T15:59:00.000Z,u037,Acme,Free,chart_apply,mobile,1024
e0288,2026-01-25T17:51:00.000Z,u014,Acme,Free,query_error,mobile,1258
e0289,2026-01-28T17:15:00.000Z,u032,Acme,Free,query_run,web,401
e0290,2026-01-30T16:52:00.000Z,u178,Globex,Team,chart_apply,mobile,642
e0291,2026-01-23T03:46:00.000Z,u065,Synogize,Pro,export_csv,mobile,1238
e0292,2026-01-30T01:03:00.000Z,u099,Acme,Free,query_error,web,613
e0293,2026-01-25T03:24:00.000Z,u160,Acme,Free,query_run,web,1112
e0294,2026-01-14T09:33:00.000Z,u057,Acme,Free,login,mobile,1040
e0295,2026-01-10T20:20:00.000Z,u102,Synogize,Pro,query_run,web,755
e0296,2026-01-26T09:17:00.000Z,u102,Acme,Free,query_run,web,1391
e0297,2026-01-29T23:33:00.000Z,u067,Globex,Team,login,mobile,1460
e0298,2026-01-15T04:32:00.000Z,u195,Globex,Team,query_error,web,566
e0299,2026-01-09T04:13:00.000Z,u035,Synogize,Pro,export_csv,web,1186
e0300,2026-01-05T09:55:00.000Z,u141,Globex,Team,login,web,1374
e0301,2026-01-11T00:47:00.000Z,u026,Acme,Free,login,web,816
e0302,2026-01-22T09:48:00.000Z,u121,Acme,Free,chart_apply,mobile,394
e0303,2026-01-06T06:57:00.000Z,u135,Acme,Free,export_csv,web,575
e0304,2026-01-18T07:01:00.000Z,u040,Synogize,Pro,chart_apply,mobile,929
e0305,2026-01-14T23:26:00.000Z,u040,Acme,Free,query_run,mobile,905
e0306,2026-01-05T02:05:00.000Z,u166,Acme,Free,login,web,1252
e0307,2026-01-04T05:58:00.000Z,u048,Acme,Free,query_error,mobile,1157
e0308,2026-01-25T17:36:00.000Z,u114,Synogize,Pro,query_run,web,1355
e0309,2026-01-11T18:50:00.000Z,u107,Synogize,Pro,query_error,mobile,1081
e0310,2026-01-06T09:34:00.000Z,u004,Globex,Team,login,mobile,1457
e0311,2026-01-25T01:18:00.000Z,u135,Synogize,Pro,query_error,web,916
e0312,2026-01-19T20:44:00.000Z,u024,Synogize,Pro,query_run,mobile,1206
e0313,2026-01-22T23:51:00.000Z,u069,Acme,Free,export_csv,web,915
e0314,2026-01-13T19:40:00.000Z,u062,Globex,Team,query_run,web,689
e0315,2026-01-29T07:00:00.000Z,u199,Synogize,Pro,query_run,mobile,995
e0316,2026-01-13T10:48:00.000Z,u068,Globex,Team,export_csv,mobile,1222
e0317,2026-01-14T07:10:00.000Z,u086,Acme,Free,query_run,web,1129
e0318,2026-01-17T18:08:00.000Z,u137,Acme,Free,query_error,mobile,1210
e0319,2026-01-01T16:19:00.000Z,u023,Globex,Team,query_run,web,970
e0320,2026-01-26T19:37:00.000Z,u090,Synogize,Pro,query_error,web,738
e0321,2026-01-23T07:49:00.000Z,u165,Acme,Free,query_error,mobile,836
e0322,2026-01-15T19:41:00.000Z,u076,Synogize,Pro,export_csv,web,1367
e0323,2026-01-27T19:22:00.000Z,u146,Globex,Team,query_error,mobile,1369
e0324,2026-01-10T22:38:00.000Z,u096,Globex,Team,export_csv,web,302
e0325,2026-01-09T02:04:00.000Z,u023,Acme,Free,export_csv,web,355
e0326,2026-01-20T12:03:00.000Z,u124,Synogize,Pro,export_csv,web,745
e0327,2026-01-26T21:03:00.000Z,u022,Acme,Free,login,web,1196
e0328,2026-01-04T23:41:00.000Z,u004,Acme,Free,query_error,mobile,1382
e0329,2026-01-13T01:21:00.000Z,u046,Acme,Free,query_run,web,883
e0330,2026-01-02T00:37:00.000Z,u012,Globex,Team,query_run,mobile,908
e0331,2026-01-22T03:08:00.000Z,u126,Acme,Free,query_error,web,884
e0332,2026-01-17T19:18:00.000Z,u072,Acme,Free,query_run,web,669
e0333,2026-01-28T21:10:00.000Z,u169,Globex,Team,login,web,1335
e0334,2026-01-22T10:47:00.000Z,u117,Synogize,Pro,chart_apply,web,345
e0335,2026-01-14T16:33:00.000Z,u120,Synogize,Pro,login,web,1046
e0336,2026-01-16T09:00:00.000Z,u100,Acme,Free,login,web,1458
e0337,2026-01-12T03:49:00.000Z,u196,Synogize,Pro,query_error,web,666
e0338,2026-01-23T05:10:00.000Z,u156,Acme,Free,query_error,mobile,881
e0339,2026-01-24T12:19:00.000Z,u068,Acme,Free,login,mobile,1035
e0340,2026-01-05T03:58:00.000Z,u128,Synogize,Pro,query_run,mobile,1371
e0341,2026-01-24T23:31:00.000Z,u028,Synogize,Pro,chart_apply,web,818
e0342,2026-01-10T09:09:00.000Z,u013,Synogize,Pro,export_csv,web,687
e0343,2026-01-19T07:14:00.000Z,u089,Acme,Free,login,mobile,949
e0344,2026-01-03T21:48:00.000Z,u090,Synogize,Pro,login,web,1000
e0345,2026-01-14T23:16:00.000Z,u149,Synogize,Pro,login,mobile,937
e0346,2026-01-24T09:21:00.000Z,u115,Synogize,Pro,query_error,web,927
e0347,2026-01-27T19:27:00.000Z,u040,Globex,Team,query_run,mobile,611
e0348,2026-01-09T06:34:00.000Z,u146,Synogize,Pro,query_run,web,1480
e0349,2026-01-08T06:13:00.000Z,u194,Globex,Team,query_run,web,331
e0350,2026-01-20T05:42:00.000Z,u190,Synogize,Pro,export_csv,mobile,1466
e0351,2026-01-22T06:39:00.000Z,u149,Globex,Team,export_csv,web,413
e0352,2026-01-27T10:25:00.000Z,u060,Synogize,Pro,login,mobile,1046
e0353,2026-01-19T10:05:00.000Z,u114,Globex,Team,export_csv,mobile,1068
e0354,2026-01-11T06:28:00.000Z,u143,Globex,Team,login,web,1011
e0355,2026-01-12T18:24:00.000Z,u092,Acme,Free,login,web,1464
e0356,2026-01-19T05:30:00.000Z,u019,Acme,Free,export_csv,web,1080
e0357,2026-01-18T19:15:00.000Z,u154,Globex,Team,query_error,mobile,638
e0358,2026-01-30T18:43:00.000Z,u088,Globex,Team,query_error,web,308
e0359,2026-01-13T20:35:00.000Z,u189,Acme,Free,login,mobile,850
e0360,2026-01-14T07:02:00.000Z,u189,Acme,Free,query_run,mobile,877
e0361,2026-01-22T22:39:00.000Z,u003,Globex,Team,query_run,mobile,674
e0362,2026-01-07T21:01:00.000Z,u087,Globex,Team,query_error,mobile,546
e0363,2026-01-19T23:55:00.000Z,u142,Synogize,Pro,export_csv,mobile,361
e0364,2026-01-27T07:02:00.000Z,u155,Synogize,Pro,query_error,mobile,1449
e0365,2026-01-18T18:20:00.000Z,u093,Synogize,Pro,query_run,web,1083
e0366,2026-01-22T19:24:00.000Z,u074,Globex,Team,query_error,web,436
e0367,2026-01-13T18:23:00.000Z,u061,Globex,Team,query_run,mobile,549
e0368,2026-01-20T00:37:00.000Z,u059,Synogize,Pro,query_error,mobile,1310
e0369,2026-01-03T03:42:00.000Z,u040,Globex,Team,chart_apply,web,1151
e0370,2026-01-30T18:02:00.000Z,u141,Globex,Team,chart_apply,mobile,561
e0371,2026-01-04T04:43:00.000Z,u087,Globex,Team,export_csv,web,768
e0372,2026-01-05T17:05:00.000Z,u189,Synogize,Pro,query_error,web,896
e0373,2026-01-20T08:33:00.000Z,u144,Acme,Free,query_run,web,322
e0374,2026-01-18T22:53:00.000Z,u049,Synogize,Pro,login,web,1469
e0375,2026-01-26T01:06:00.000Z,u077,Acme,Free,chart_apply,web,516
e0376,2026-01-02T00:09:00.000Z,u170,Globex,Team,query_run,mobile,997
e0377,2026-01-03T17:03:00.000Z,u188,Globex,Team,query_error,mobile,1160
e0378,2026-01-13T18:09:00.000Z,u131,Globex,Team,query_run,web,435
e0379,2026-01-27T03:12:00.000Z,u021,Acme,Free,login,mobile,1350
e0380,2026-01-25T16:20:00.000Z,u022,Synogize,Pro,query_run,mobile,819
e0381,2026-01-08T10:04:00.000Z,u094,Synogize,Pro,export_csv,mobile,480
e0382,2026-01-29T19:22:00.000Z,u174,Globex,Team,login,mobile,1185
e0383,2026-01-06T15:40:00.000Z,u139,Synogize,Pro,query_run,mobile,1189
e0384,2026-01-04T04:06:00.000Z,u158,Globex,Team,query_run,mobile,532
e0385,2026-01-16T09:13:00.000Z,u170,Synogize,Pro,query_run,mobile,894
e0386,2026-01-22T10:58:00.000Z,u132,Globex,Team,chart_apply,mobile,1216
e0387,2026-01-26T15:12:00.000Z,u076,Synogize,Pro,query_run,mobile,969
e0388,2026-01-05T12:00:00.000Z,u033,Synogize,Pro,login,web,914
e0389,2026-01-13T22:56:00.000Z,u058,Globex,Team,query_error,mobile,555
e0390,2026-01-08T19:29:00.000Z,u107,Globex,Team,query_error,web,942
e0391,2026-01-16T18:05:00.000Z,u134,Acme,Free,login,web,1477
e0392,2026-01-22T11:15:00.000Z,u147,Globex,Team,export_csv,web,1135
e0393,2026-01-21T07:55:00.000Z,u008,Acme,Free,query_error,web,1072
e0394,2026-01-06T06:21:00.000Z,u052,Globex,Team,query_run,mobile,844
e0395,2026-01-13T21:50:00.000Z,u200,Globex,Team,chart_apply,mobile,991
e0396,2026-01-06T17:00:00.000Z,u143,Synogize,Pro,chart_apply,mobile,882
e0397,2026-01-28T09:26:00.000Z,u190,Globex,Team,chart_apply,web,1427
e0398,2026-01-30T07:57:00.000Z,u073,Globex,Team,login,web,1356
e0399,2026-01-21T07:09:00.000Z,u119,Acme,Free,login,web,1177
e0400,2026-01-13T13:29:00.000Z,u150,Acme,Free,login,mobile,963
e0401,2026-01-30T13:08:00.000Z,u106,Synogize,Pro,export_csv,mobile,1381
e0402,2026-01-21T07:35:00.000Z,u071,Globex,Team,login,mobile,968
e0403,2026-01-19T09:40:00.000Z,u171,Globex,Team,chart_apply,web,1143
e0404,2026-01-18T23:11:00.000Z,u071,Acme,Free,chart_apply,web,847
e0405,2026-01-26T23:27:00.000Z,u175,Synogize,Pro,login,mobile,1367
e0406,2026-01-19T02:04:00.000Z,u015,Synogize,Pro,login,web,1467
e0407,2026-01-25T09:36:00.000Z,u063,Synogize,Pro,export_csv,web,565
e0408,2026-01-22T03:10:00.000Z,u159,Globex,Team,login,web,938
e0409,2026-01-05T04:08:00.000Z,u187,Acme,Free,chart_apply,mobile,851
e0410,2026-01-06T15:58:00.000Z,u022,Globex,Team,query_run,mobile,462
e0411,2026-01-03T07:44:00.000Z,u088,Globex,Team,query_run,mobile,786
e0412,2026-01-01T10:33:00.000Z,u123,Globex,Team,export_csv,mobile,997
e0413,2026-01-30T15:06:00.000Z,u129,Globex,Team,query_error,mobile,1288
e0414,2026-01-21T05:54:00.000Z,u038,Synogize,Pro,query_error,web,644
e0415,2026-01-18T11:51:00.000Z,u017,Synogize,Pro,chart_apply,mobile,1198
e0416,2026-01-26T05:32:00.000Z,u115,Acme,Free,login,mobile,1128
e0417,2026-01-28T00:08:00.000Z,u152,Globex,Team,login,mobile,1437
e0418,2026-01-23T16:36:00.000Z,u016,Acme,Free,export_csv,web,682
e0419,2026-01-20T12:37:00.000Z,u112,Globex,Team,query_error,web,1282
e0420,2026-01-28T16:38:00.000Z,u006,Synogize,Pro,query_error,web,1143
e0421,2026-01-02T21:14:00.000Z,u165,Acme,Free,export_csv,web,354
e0422,2026-01-19T23:31:00.000Z,u188,Globex,Team,query_error,mobile,542
e0423,2026-01-16T22:49:00.000Z,u106,Synogize,Pro,query_error,mobile,320
e0424,2026-01-08T19:16:00.000Z,u005,Globex,Team,query_run,web,575
e0425,2026-01-14T10:27:00.000Z,u178,Globex,Team,chart_apply,web,639
e0426,2026-01-20T14:08:00.000Z,u125,Synogize,Pro,export_csv,web,1360
e0427,2026-01-04T22:06:00.000Z,u023,Synogize,Pro,query_run,web,1124
e0428,2026-01-27T09:10:00.000Z,u180,Synogize,Pro,login,mobile,989
e0429,2026-01-21T19:34:00.000Z,u164,Synogize,Pro,query_run,mobile,334
e0430,2026-01-04T09:01:00.000Z,u148,Synogize,Pro,export_csv,mobile,563
e0431,2026-01-05T21:59:00.000Z,u103,Globex,Team,chart_apply,web,668
e0432,2026-01-30T07:31:00.000Z,u041,Synogize,Pro,export_csv,mobile,517
e0433,2026-01-29T11:16:00.000Z,u184,Synogize,Pro,login,mobile,821
e0434,2026-01-01T03:50:00.000Z,u114,Acme,Free,query_error,web,955
e0435,2026-01-10T01:56:00.000Z,u109,Globex,Team,chart_apply,web,1089
e0436,2026-01-05T04:46:00.000Z,u087,Globex,Team,query_run,web,912
e0437,2026-01-21T05:12:00.000Z,u166,Globex,Team,export_csv,mobile,1412
e0438,2026-01-06T16:48:00.000Z,u080,Globex,Team,login,mobile,954
e0439,2026-01-16T15:30:00.000Z,u196,Globex,Team,login,web,1193
e0440,2026-01-22T08:16:00.000Z,u148,Synogize,Pro,login,mobile,893
e0441,2026-01-30T10:52:00.000Z,u151,Synogize,Pro,query_error,web,839
e0442,2026-01-24T02:37:00.000Z,u001,Acme,Free,login,web,981
e0443,2026-01-18T18:47:00.000Z,u138,Globex,Team,chart_apply,web,424
e0444,2026-01-20T15:49:00.000Z,u037,Acme,Free,chart_apply,web,701
e0445,2026-01-30T20:20:00.000Z,u026,Acme,Free,query_run,web,1497
e0446,2026-01-20T18:05:00.000Z,u007,Globex,Team,query_run,web,1311
e0447,2026-01-07T06:21:00.000Z,u163,Synogize,Pro,chart_apply,mobile,760
e0448,2026-01-20T07:26:00.000Z,u149,Globex,Team,login,mobile,898
e0449,2026-01-06T11:46:00.000Z,u185,Globex,Team,export_csv,mobile,1003
e0450,2026-01-28T04:43:00.000Z,u148,Synogize,Pro,login,mobile,1340
e0451,2026-01-26T00:56:00.000Z,u142,Acme,Free,chart_apply,mobile,707
e0452,2026-01-10T06:52:00.000Z,u043,Globex,Team,login,web,1033
e0453,2026-01-28T01:16:00.000Z,u062,Synogize,Pro,chart_apply,web,1036
e0454,2026-01-25T05:24:00.000Z,u030,Acme,Free,query_run,mobile,1381
e0455,2026-01-05T02:10:00.000Z,u162,Synogize,Pro,chart_apply,mobile,837
e0456,2026-01-06T09:44:00.000Z,u196,Acme,Free,query_run,web,386
e0457,2026-01-29T22:39:00.000Z,u062,Acme,Free,login,mobile,1314
e0458,2026-01-23T12:24:00.000Z,u163,Synogize,Pro,chart_apply,web,905
e0459,2026-01-15T13:16:00.000Z,u182,Acme,Free,login,web,1336
e0460,2026-01-29T00:34:00.000Z,u135,Synogize,Pro,export_csv,mobile,346
e0461,2026-01-10T05:20:00.000Z,u056,Acme,Free,chart_apply,web,848
e0462,2026-01-30T17:29:00.000Z,u167,Synogize,Pro,query_error,mobile,327
e0463,2026-01-18T09:51:00.000Z,u058,Synogize,Pro,query_error,mobile,1372
e0464,2026-01-16T06:02:00.000Z,u154,Acme,Free,query_run,mobile,642
e0465,2026-01-04T22:21:00.000Z,u131,Synogize,Pro,chart_apply,mobile,1166
e0466,2026-01-09T20:31:00.000Z,u162,Acme,Free,query_error,mobile,962
e0467,2026-01-02T20:12:00.000Z,u197,Synogize,Pro,chart_apply,mobile,823
e0468,2026-01-04T19:37:00.000Z,u162,Globex,Team,export_csv,web,1340
e0469,2026-01-18T04:10:00.000Z,u164,Synogize,Pro,login,web,933
e0470,2026-01-04T12:33:00.000Z,u199,Synogize,Pro,chart_apply,web,935
e0471,2026-01-23T07:34:00.000Z,u149,Acme,Free,chart_apply,mobile,411
e0472,2026-01-05T11:02:00.000Z,u067,Synogize,Pro,login,mobile,1344
e0473,2026-01-23T17:38:00.000Z,u121,Synogize,Pro,chart_apply,web,1334
e0474,2026-01-16T06:34:00.000Z,u075,Acme,Free,login,web,970
e0475,2026-01-04T17:42:00.000Z,u084,Synogize,Pro,query_error,mobile,804
e0476,2026-01-30T19:52:00.000Z,u110,Acme,Free,export_csv,mobile,1340
e0477,2026-01-11T09:27:00.000Z,u162,Acme,Free,chart_apply,web,982
e0478,2026-01-26T02:32:00.000Z,u140,Globex,Team,chart_apply,mobile,516
e0479,2026-01-20T14:02:00.000Z,u062,Synogize,Pro,chart_apply,mobile,1198
e0480,2026-01-25T09:49:00.000Z,u170,Synogize,Pro,query_error,web,758
e0481,2026-01-20T08:43:00.000Z,u036,Globex,Team,export_csv,mobile,1377
e0482,2026-01-10T21:47:00.000Z,u079,Globex,Team,export_csv,web,1067
e0483,2026-01-30T12:09:00.000Z,u131,Globex,Team,query_run,web,1001
e0484,2026-01-28T20:10:00.000Z,u157,Acme,Free,login,mobile,1347
e0485,2026-01-05T23:16:00.000Z,u017,Globex,Team,query_run,web,554
e0486,2026-01-16T12:44:00.000Z,u157,Synogize,Pro,login,web,1465
e0487,2026-01-16T15:45:00.000Z,u166,Synogize,Pro,export_csv,web,733
e0488,2026-01-18T18:39:00.000Z,u200,Acme,Free,query_error,web,1111
e0489,2026-01-23T12:57:00.000Z,u187,Acme,Free,chart_apply,web,819
e0490,2026-01-27T20:36:00.000Z,u138,Acme,Free,chart_apply,mobile,349
e0491,2026-01-11T22:47:00.000Z,u072,Globex,Team,login,mobile,1002
e0492,2026-01-17T10:35:00.000Z,u099,Acme,Free,query_run,web,1271
e0493,2026-01-24T07:07:00.000Z,u111,Synogize,Pro,chart_apply,web,1224
e0494,2026-01-30T09:30:00.000Z,u008,Synogize,Pro,query_error,web,684
e0495,2026-01-12T17:52:00.000Z,u116,Synogize,Pro,login,mobile,861
e0496,2026-01-13T23:04:00.000Z,u157,Globex,Team,query_run,web,719
e0497,2026-01-11T20:21:00.000Z,u037,Acme,Free,chart_apply,web,1078
e0498,2026-01-02T06:57:00.000Z,u176,Synogize,Pro,query_error,web,1122
e0499,2026-01-23T05:22:00.000Z,u082,Synogize,Pro,query_error,mobile,1105
e0500,2026-01-22T23:48:00.000Z,u092,Synogize,Pro,chart_apply,web,911
e0501,2026-01-20T16:38:00.000Z,u176,Synogize,Pro,export_csv,web,1073
e0502,2026-01-16T13:19:00.000Z,u127,Globex,Team,export_csv,web,391
e0503,2026-01-13T20:56:00.000Z,u042,Globex,Team,login,mobile,1321
e0504,2026-01-04T05:07:00.000Z,u082,Synogize,Pro,query_error,web,1300
e0505,2026-01-22T11:19:00.000Z,u139,Globex,Team,chart_apply,mobile,858
e0506,2026-01-03T12:53:00.000Z,u005,Acme,Free,query_run,web,845
e0507,2026-01-05T13:12:00.000Z,u055,Acme,Free,query_error,web,557
e0508,2026-01-28T22:27:00.000Z,u106,Globex,Team,chart_apply,web,1400
e0509,2026-01-18T23:04:00.000Z,u049,Globex,Team,chart_apply,mobile,1448
e0510,2026-01-13T16:35:00.000Z,u197,Synogize,Pro,export_csv,mobile,354
e0511,2026-01-13T18:04:00.000Z,u195,Acme,Free,login,mobile,1029
e0512,2026-01-20T11:41:00.000Z,u042,Acme,Free,query_run,mobile,1087
e0513,2026-01-10T06:10:00.000Z,u105,Acme,Free,export_csv,mobile,1341
e0514,2026-01-23T00:18:00.000Z,u143,Acme,Free,login,mobile,1384
e0515,2026-01-25T18:33:00.000Z,u007,Globex,Team,query_run,web,668
e0516,2026-01-01T05:03:00.000Z,u003,Acme,Free,chart_apply,web,1036
e0517,2026-01-18T23:11:00.000Z,u059,Acme,Free,chart_apply,mobile,608
e0518,2026-01-12T13:26:00.000Z,u103,Synogize,Pro,query_error,mobile,645
e0519,2026-01-29T22:24:00.000Z,u177,Globex,Team,login,mobile,1082
e0520,2026-01-05T02:39:00.000Z,u104,Globex,Team,export_csv,web,393
e0521,2026-01-08T17:41:00.000Z,u147,Synogize,Pro,query_error,mobile,1436
e0522,2026-01-24T18:06:00.000Z,u134,Acme,Free,export_csv,mobile,393
e0523,2026-01-20T01:56:00.000Z,u172,Globex,Team,login,mobile,1311
e0524,2026-01-20T05:25:00.000Z,u186,Globex,Team,query_run,web,377
e0525,2026-01-25T09:40:00.000Z,u054,Globex,Team,query_error,mobile,687
e0526,2026-01-03T20:30:00.000Z,u057,Acme,Free,login,mobile,1433
e0527,2026-01-11T09:14:00.000Z,u041,Acme,Free,query_run,web,814
e0528,2026-01-27T19:27:00.000Z,u057,Acme,Free,login,web,812
e0529,2026-01-17T04:00:00.000Z,u200,Acme,Free,query_run,mobile,637
e0530,2026-01-02T04:09:00.000Z,u067,Synogize,Pro,query_run,mobile,1470
e0531,2026-01-11T11:32:00.000Z,u023,Acme,Free,query_run,web,656
e0532,2026-01-10T05:49:00.000Z,u172,Globex,Team,query_run,web,1353
e0533,2026-01-20T21:19:00.000Z,u192,Acme,Free,chart_apply,mobile,1393
e0534,2026-01-20T15:24:00.000Z,u021,Acme,Free,chart_apply,mobile,1087
e0535,2026-01-05T12:29:00.000Z,u016,Synogize,Pro,login,mobile,1474
e0536,2026-01-14T18:17:00.000Z,u102,Synogize,Pro,query_error,mobile,1234
e0537,2026-01-02T07:01:00.000Z,u184,Synogize,Pro,query_run,web,813
e0538,2026-01-04T19:08:00.000Z,u123,Acme,Free,query_run,mobile,1140
e0539,2026-01-12T10:14:00.000Z,u058,Globex,Team,login,mobile,1081
e0540,2026-01-17T12:40:00.000Z,u058,Synogize,Pro,query_run,web,1324
e0541,2026-01-29T06:34:00.000Z,u052,Globex,Team,login,web,1396
e0542,2026-01-03T22:51:00.000Z,u121,Synogize,Pro,chart_apply,web,328
e0543,2026-01-01T10:08:00.000Z,u146,Globex,Team,query_run,web,393
e0544,2026-01-01T02:14:00.000Z,u017,Globex,Team,login,web,832
e0545,2026-01-27T08:09:00.000Z,u077,Acme,Free,query_error,mobile,1062
e0546,2026-01-24T17:36:00.000Z,u135,Synogize,Pro,chart_apply,mobile,715
e0547,2026-01-08T11:25:00.000Z,u178,Globex,Team,query_error,mobile,907
e0548,2026-01-24T17:45:00.000Z,u137,Globex,Team,query_error,mobile,502
e0549,2026-01-01T10:21:00.000Z,u125,Synogize,Pro,login,web,970
e0550,2026-01-28T04:29:00.000Z,u070,Synogize,Pro,export_csv,web,1168
e0551,2026-01-27T00:40:00.000Z,u030,Synogize,Pro,query_error,web,340
e0552,2026-01-24T23:53:00.000Z,u100,Acme,Free,query_error,web,529
e0553,2026-01-12T00:50:00.000Z,u120,Acme,Free,query_run,web,468
e0554,2026-01-04T06:53:00.000Z,u014,Synogize,Pro,query_run,mobile,826
e0555,2026-01-20T17:04:00.000Z,u095,Acme,Free,chart_apply,mobile,992
e0556,2026-01-26T17:21:00.000Z,u102,Synogize,Pro,login,web,953
e0557,2026-01-16T11:03:00.000Z,u102,Globex,Team,query_error,web,1163
e0558,2026-01-14T16:01:00.000Z,u156,Globex,Team,query_run,mobile,665
e0559,2026-01-25T23:26:00.000Z,u125,Acme,Free,login,mobile,931
e0560,2026-01-28T06:40:00.000Z,u033,Synogize,Pro,login,web,1344
e0561,2026-01-20T03:46:00.000Z,u085,Acme,Free,query_run,web,1098
e0562,2026-01-08T12:13:00.000Z,u188,Acme,Free,export_csv,mobile,755
e0563,2026-01-15T23:21:00.000Z,u097,Globex,Team,query_error,mobile,316
e0564,2026-01-04T18:18:00.000Z,u164,Acme,Free,export_csv,web,416
e0565,2026-01-23T01:05:00.000Z,u055,Synogize,Pro,login,web,1178
e0566,2026-01-13T21:00:00.000Z,u092,Acme,Free,export_csv,web,938
e0567,2026-01-18T07:36:00.000Z,u125,Synogize,Pro,query_run,mobile,350
e0568,2026-01-01T02:35:00.000Z,u013,Acme,Free,export_csv,mobile,333
e0569,2026-01-22T00:40:00.000Z,u067,Acme,Free,query_error,web,1176
e0570,2026-01-04T03:54:00.000Z,u156,Synogize,Pro,chart_apply,mobile,498
e0571,2026-01-23T22:23:00.000Z,u134,Synogize,Pro,login,web,1173
e0572,2026-01-30T00:01:00.000Z,u113,Globex,Team,chart_apply,web,614
e0573,2026-01-01T04:04:00.000Z,u161,Synogize,Pro,chart_apply,mobile,574
e0574,2026-01-07T08:10:00.000Z,u156,Synogize,Pro,query_run,web,670
e0575,2026-01-07T23:20:00.000Z,u016,Globex,Team,login,mobile,959
e0576,2026-01-20T16:15:00.000Z,u029,Acme,Free,query_error,mobile,1187
e0577,2026-01-10T22:15:00.000Z,u171,Acme,Free,query_error,mobile,437
e0578,2026-01-07T10:42:00.000Z,u082,Acme,Free,export_csv,web,795
e0579,2026-01-20T13:23:00.000Z,u189,Acme,Free,chart_apply,mobile,752
e0580,2026-01-26T22:52:00.000Z,u178,Globex,Team,query_run,mobile,863
e0581,2026-01-19T23:35:00.000Z,u101,Globex,Team,export_csv,web,393
e0582,2026-01-19T08:50:00.000Z,u016,Globex,Team,login,mobile,1295
e0583,2026-01-19T18:43:00.000Z,u001,Synogize,Pro,query_error,web,1441
e0584,2026-01-15T01:49:00.000Z,u020,Synogize,Pro,query_run,mobile,540
e0585,2026-01-19T06:58:00.000Z,u035,Acme,Free,chart_apply,mobile,307
e0586,2026-01-03T00:31:00.000Z,u153,Acme,Free,query_run,mobile,844
e0587,2026-01-02T05:39:00.000Z,u065,Synogize,Pro,login,mobile,1118
e0588,2026-01-14T04:36:00.000Z,u170,Acme,Free,query_run,mobile,742
e0589,2026-01-23T22:32:00.000Z,u030,Synogize,Pro,query_error,web,374
e0590,2026-01-16T03:42:00.000Z,u186,Synogize,Pro,query_error,mobile,1255
e0591,2026-01-04T10:48:00.000Z,u025,Synogize,Pro,query_run,web,580
e0592,2026-01-06T15:04:00.000Z,u175,Globex,Team,query_error,mobile,1436
e0593,2026-01-29T00:54:00.000Z,u170,Acme,Free,export_csv,web,1136
e0594,2026-01-17T11:07:00.000Z,u195,Globex,Team,query_error,web,1040
e0595,2026-01-01T11:38:00.000Z,u004,Acme,Free,query_error,mobile,945
e0596,2026-01-02T22:05:00.000Z,u155,Globex,Team,query_run,web,1269
e0597,2026-01-07T02:08:00.000Z,u118,Synogize,Pro,export_csv,web,1468
e0598,2026-01-04T05:15:00.000Z,u131,Globex,Team,export_csv,web,1319
e0599,2026-01-16T10:20:00.000Z,u111,Acme,Free,export_csv,mobile,1433
e0600,2026-01-23T23:44:00.000Z,u113,Acme,Free,export_csv,mobile,987
e0601,2026-01-05T11:09:00.000Z,u119,Synogize,Pro,login,mobile,944
e0602,2026-01-12T00:51:00.000Z,u118,Globex,Team,login,mobile,1245
e0603,2026-01-22T04:54:00.000Z,u042,Globex,Team,query_run,web,1272
e0604,2026-01-06T16:44:00.000Z,u079,Synogize,Pro,chart_apply,web,1149
e0605,2026-01-29T06:34:00.000Z,u113,Synogize,Pro,query_run,web,1414
e0606,2026-01-01T10:45:00.000Z,u174,Globex,Team,chart_apply,web,447
e0607,2026-01-14T00:28:00.000Z,u024,Acme,Free,export_csv,web,975
e0608,2026-01-08T10:23:00.000Z,u122,Acme,Free,export_csv,mobile,1061
e0609,2026-01-21T01:04:00.000Z,u177,Acme,Free,export_csv,mobile,851
e0610,2026-01-29T09:58:00.000Z,u198,Acme,Free,query_error,mobile,342
e0611,2026-01-21T08:43:00.000Z,u017,Globex,Team,query_run,mobile,970
e0612,2026-01-29T21:52:00.000Z,u099,Synogize,Pro,export_csv,web,401
e0613,2026-01-28T06:33:00.000Z,u071,Globex,Team,chart_apply,mobile,876
e0614,2026-01-23T07:32:00.000Z,u058,Globex,Team,export_csv,web,323
e0615,2026-01-12T13:05:00.000Z,u085,Acme,Free,chart_apply,mobile,860
e0616,2026-01-20T03:47:00.000Z,u197,Globex,Team,query_error,web,1212
e0617,2026-01-07T19:19:00.000Z,u120,Acme,Free,export_csv,web,666
e0618,2026-01-09T11:59:00.000Z,u137,Globex,Team,login,web,1094
e0619,2026-01-04T00:16:00.000Z,u030,Synogize,Pro,query_error,web,618
e0620,2026-01-08T03:21:00.000Z,u163,Globex,Team,query_run,web,865
e0621,2026-01-05T21:59:00.000Z,u016,Synogize,Pro,login,web,1403
e0622,2026-01-04T18:14:00.000Z,u167,Globex,Team,query_run,web,318
e0623,2026-01-25T04:15:00.000Z,u015,Acme,Free,login,web,1070
e0624,2026-01-27T08:08:00.000Z,u141,Synogize,Pro,chart_apply,web,1112
e0625,2026-01-15T02:47:00.000Z,u071,Synogize,Pro,export_csv,web,1459
e0626,2026-01-13T06:02:00.000Z,u165,Synogize,Pro,login,mobile,980
e0627,2026-01-19T18:21:00.000Z,u081,Acme,Free,login,web,989
e0628,2026-01-28T14:49:00.000Z,u010,Globex,Team,chart_apply,mobile,717
e0629,2026-01-02T03:45:00.000Z,u174,Synogize,Pro,export_csv,mobile,926
e0630,2026-01-19T07:13:00.000Z,u120,Synogize,Pro,export_csv,web,1258
e0631,2026-01-11T09:58:00.000Z,u136,Synogize,Pro,query_error,web,1417
e0632,2026-01-15T03:58:00.000Z,u020,Synogize,Pro,query_run,web,1385
e0633,2026-01-16T11:24:00.000Z,u066,Globex,Team,chart_apply,mobile,862
e0634,2026-01-03T14:47:00.000Z,u186,Synogize,Pro,chart_apply,web,785
e0635,2026-01-05T14:17:00.000Z,u126,Acme,Free,chart_apply,mobile,1074
e0636,2026-01-17T12:37:00.000Z,u147,Synogize,Pro,export_csv,mobile,987
e0637,2026-01-19T04:33:00.000Z,u176,Acme,Free,chart_apply,web,786
e0638,2026-01-22T14:56:00.000Z,u178,Globex,Team,login,mobile,977
e0639,2026-01-04T11:38:00.000Z,u195,Synogize,Pro,login,mobile,910
e0640,2026-01-08T15:39:00.000Z,u163,Globex,Team,export_csv,mobile,1492
e0641,2026-01-18T03:47:00.000Z,u022,Synogize,Pro,query_error,web,1034
e0642,2026-01-01T14:58:00.000Z,u052,Globex,Team,query_error,web,1070
e0643,2026-01-16T18:52:00.000Z,u114,Acme,Free,query_run,web,816
e0644,2026-01-26T06:10:00.000Z,u169,Globex,Team,query_run,web,582
e0645,2026-01-21T10:23:00.000Z,u167,Synogize,Pro,chart_apply,mobile,718
e0646,2026-01-13T02:25:00.000Z,u103,Globex,Team,query_run,mobile,826
e0647,2026-01-28T17:28:00.000Z,u169,Synogize,Pro,chart_apply,web,402
e0648,2026-01-08T20:49:00.000Z,u120,Synogize,Pro,export_csv,mobile,535
e0649,2026-01-25T09:24:00.000Z,u135,Acme,Free,login,mobile,1096
e0650,2026-01-29T16:35:00.000Z,u059,Synogize,Pro,export_csv,mobile,1093
e0651,2026-01-14T04:22:00.000Z,u029,Acme,Free,export_csv,web,1200
e0652,2026-01-24T03:45:00.000Z,u127,Acme,Free,query_run,web,718
e0653,2026-01-20T18:03:00.000Z,u095,Acme,Free,login,web,1281
e0654,2026-01-18T17:16:00.000Z,u069,Synogize,Pro,chart_apply,mobile,1483
e0655,2026-01-29T03:51:00.000Z,u151,Acme,Free,login,web,1407
e0656,2026-01-01T19:02:00.000Z,u157,Acme,Free,chart_apply,web,520
e0657,2026-01-20T09:59:00.000Z,u017,Acme,Free,export_csv,mobile,922
e0658,2026-01-14T14:06:00.000Z,u042,Globex,Team,query_error,mobile,1060
e0659,2026-01-03T05:47:00.000Z,u034,Globex,Team,chart_apply,web,874
e0660,2026-01-12T09:33:00.000Z,u026,Globex,Team,query_run,web,1113
e0661,2026-01-07T01:29:00.000Z,u133,Globex,Team,export_csv,web,1016
e0662,2026-01-19T06:36:00.000Z,u054,Synogize,Pro,chart_apply,web,825
e0663,2026-01-09T12:56:00.000Z,u161,Acme,Free,query_run,web,339
e0664,2026-01-28T20:23:00.000Z,u127,Globex,Team,chart_apply,web,1319
e0665,2026-01-18T08:46:00.000Z,u145,Globex,Team,export_csv,mobile,1379
e0666,2026-01-25T16:48:00.000Z,u097,Acme,Free,query_error,mobile,1472
e0667,2026-01-19T12:36:00.000Z,u005,Globex,Team,export_csv,mobile,1039
e0668,2026-01-12T04:22:00.000Z,u187,Globex,Team,login,mobile,1176
e0669,2026-01-22T16:32:00.000Z,u139,Synogize,Pro,query_run,web,878
e0670,2026-01-16T11:03:00.000Z,u121,Acme,Free,query_run,mobile,814
e0671,2026-01-17T09:31:00.000Z,u027,Acme,Free,query_run,web,1430
e0672,2026-01-19T11:28:00.000Z,u011,Globex,Team,query_run,mobile,411
e0673,2026-01-30T21:37:00.000Z,u072,Globex,Team,query_error,mobile,643
e0674,2026-01-19T15:01:00.000Z,u074,Globex,Team,export_csv,web,1116
e0675,2026-01-08T10:37:00.000Z,u028,Globex,Team,login,mobile,1442
e0676,2026-01-08T07:34:00.000Z,u032,Acme,Free,chart_apply,web,1142
e0677,2026-01-10T14:17:00.000Z,u138,Acme,Free,query_error,mobile,1366
e0678,2026-01-12T19:55:00.000Z,u108,Globex,Team,export_csv,mobile,337
e0679,2026-01-27T22:57:00.000Z,u029,Acme,Free,chart_apply,web,774
e0680,2026-01-25T09:17:00.000Z,u011,Globex,Team,query_error,web,1017
e0681,2026-01-12T01:31:00.000Z,u103,Globex,Team,export_csv,mobile,533
e0682,2026-01-27T11:29:00.000Z,u128,Acme,Free,query_run,mobile,1302
e0683,2026-01-28T07:51:00.000Z,u088,Acme,Free,query_run,web,431
e0684,2026-01-10T23:55:00.000Z,u046,Synogize,Pro,chart_apply,web,727
e0685,2026-01-27T05:48:00.000Z,u158,Acme,Free,export_csv,mobile,1086
e0686,2026-01-28T06:38:00.000Z,u006,Globex,Team,query_error,mobile,1331
e0687,2026-01-18T14:07:00.000Z,u018,Synogize,Pro,query_run,mobile,1189
e0688,2026-01-03T10:08:00.000Z,u008,Acme,Free,chart_apply,web,1076
e0689,2026-01-17T04:36:00.000Z,u185,Acme,Free,query_error,web,961
e0690,2026-01-26T17:37:00.000Z,u103,Acme,Free,query_run,web,891
e0691,2026-01-25T19:32:00.000Z,u052,Synogize,Pro,chart_apply,mobile,801
e0692,2026-01-23T10:08:00.000Z,u013,Acme,Free,chart_apply,mobile,476
e0693,2026-01-25T05:54:00.000Z,u080,Globex,Team,query_run,web,904
e0694,2026-01-30T12:33:00.000Z,u080,Synogize,Pro,query_run,web,978
e0695,2026-01-03T19:59:00.000Z,u069,Acme,Free,chart_apply,web,441
e0696,2026-01-23T16:27:00.000Z,u027,Globex,Team,export_csv,mobile,900
e0697,2026-01-04T03:55:00.000Z,u173,Globex,Team,login,web,1266
e0698,2026-01-13T01:42:00.000Z,u043,Synogize,Pro,chart_apply,web,417
e0699,2026-01-13T14:42:00.000Z,u111,Synogize,Pro,query_error,web,419
e0700,2026-01-26T05:15:00.000Z,u128,Acme,Free,login,web,1448
e0701,2026-01-21T23:31:00.000Z,u123,Acme,Free,login,mobile,1173
e0702,2026-01-18T11:16:00.000Z,u177,Globex,Team,query_run,mobile,969
e0703,2026-01-18T17:46:00.000Z,u011,Synogize,Pro,export_csv,mobile,1242
e0704,2026-01-02T06:07:00.000Z,u198,Globex,Team,login,mobile,924
e0705,2026-01-19T18:52:00.000Z,u195,Globex,Team,query_run,web,487
e0706,2026-01-28T00:45:00.000Z,u124,Acme,Free,query_error,mobile,1465
e0707,2026-01-17T02:41:00.000Z,u080,Globex,Team,query_error,web,1120
e0708,2026-01-07T15:50:00.000Z,u175,Synogize,Pro,query_error,mobile,688
e0709,2026-01-29T07:15:00.000Z,u082,Globex,Team,chart_apply,mobile,1149
e0710,2026-01-13T08:54:00.000Z,u104,Synogize,Pro,export_csv,mobile,680
e0711,2026-01-17T09:24:00.000Z,u012,Globex,Team,chart_apply,mobile,982
e0712,2026-01-17T10:07:00.000Z,u072,Globex,Team,chart_apply,web,389
e0713,2026-01-17T08:20:00.000Z,u085,Globex,Team,chart_apply,web,852
e0714,2026-01-08T01:47:00.000Z,u098,Globex,Team,login,web,1263
e0715,2026-01-14T18:20:00.000Z,u184,Acme,Free,login,mobile,1166
e0716,2026-01-27T03:37:00.000Z,u100,Globex,Team,query_error,mobile,529
e0717,2026-01-29T12:08:00.000Z,u011,Synogize,Pro,login,mobile,1197
e0718,2026-01-23T12:49:00.000Z,u003,Globex,Team,login,web,1034
e0719,2026-01-20T05:52:00.000Z,u072,Acme,Free,chart_apply,web,680
e0720,2026-01-11T09:44:00.000Z,u067,Globex,Team,query_error,web,1232
e0721,2026-01-13T16:27:00.000Z,u111,Synogize,Pro,query_run,mobile,1067
e0722,2026-01-27T05:21:00.000Z,u198,Acme,Free,chart_apply,web,1386
e0723,2026-01-16T03:21:00.000Z,u117,Globex,Team,query_error,mobile,757
e0724,2026-01-11T07:27:00.000Z,u187,Acme,Free,query_error,web,1074
e0725,2026-01-27T03:02:00.000Z,u065,Acme,Free,query_run,web,319
e0726,2026-01-15T00:06:00.000Z,u002,Synogize,Pro,chart_apply,web,782
e0727,2026-01-14T02:03:00.000Z,u141,Synogize,Pro,query_run,web,1211
e0728,2026-01-05T20:26:00.000Z,u005,Acme,Free,chart_apply,mobile,407
e0729,2026-01-23T16:24:00.000Z,u146,Synogize,Pro,login,mobile,940
e0730,2026-01-12T17:17:00.000Z,u198,Acme,Free,chart_apply,web,1135
e0731,2026-01-14T21:35:00.000Z,u106,Synogize,Pro,export_csv,mobile,534
e0732,2026-01-29T11:25:00.000Z,u098,Synogize,Pro,export_csv,web,676
e0733,2026-01-28T15:34:00.000Z,u156,Acme,Free,login,web,1288
e0734,2026-01-29T09:17:00.000Z,u169,Synogize,Pro,login,web,1456
e0735,2026-01-22T07:37:00.000Z,u025,Globex,Team,query_run,web,1219
e0736,2026-01-30T03:24:00.000Z,u164,Globex,Team,export_csv,mobile,1338
e0737,2026-01-23T22:11:00.000Z,u009,Acme,Free,query_run,web,1485
e0738,2026-01-10T05:23:00.000Z,u001,Synogize,Pro,query_error,mobile,413
e0739,2026-01-09T01:09:00.000Z,u003,Synogize,Pro,export_csv,web,1026
e0740,2026-01-27T07:03:00.000Z,u078,Globex,Team,export_csv,mobile,947
e0741,2026-01-08T13:19:00.000Z,u161,Globex,Team,query_error,web,759
e0742,2026-01-23T04:12:00.000Z,u130,Acme,Free,query_error,mobile,1026
e0743,2026-01-15T13:19:00.000Z,u150,Globex,Team,chart_apply,mobile,720
e0744,2026-01-13T20:01:00.000Z,u026,Acme,Free,chart_apply,mobile,896
e0745,2026-01-20T10:48:00.000Z,u078,Synogize,Pro,query_error,mobile,775
e0746,2026-01-13T09:37:00.000Z,u114,Synogize,Pro,chart_apply,mobile,533
e0747,2026-01-27T12:23:00.000Z,u082,Synogize,Pro,login,web,1324
e0748,2026-01-09T15:07:00.000Z,u072,Synogize,Pro,query_run,mobile,948
e0749,2026-01-10T22:25:00.000Z,u112,Synogize,Pro,login,mobile,1120
e0750,2026-01-16T20:48:00.000Z,u049,Globex,Team,login,web,1093
e0751,2026-01-01T18:17:00.000Z,u077,Globex,Team,chart_apply,mobile,1144
e0752,2026-01-01T17:41:00.000Z,u131,Synogize,Pro,query_run,web,348
e0753,2026-01-26T16:22:00.000Z,u034,Synogize,Pro,chart_apply,web,399
e0754,2026-01-11T16:56:00.000Z,u162,Globex,Team,query_run,web,1047
e0755,2026-01-24T15:38:00.000Z,u106,Globex,Team,query_run,mobile,934
e0756,2026-01-04T15:13:00.000Z,u046,Globex,Team,query_run,mobile,1027
e0757,2026-01-22T05:40:00.000Z,u154,Globex,Team,query_run,mobile,1055
e0758,2026-01-27T09:24:00.000Z,u172,Synogize,Pro,login,mobile,992
e0759,2026-01-03T11:46:00.000Z,u031,Globex,Team,query_error,web,614
e0760,2026-01-18T19:27:00.000Z,u076,Synogize,Pro,query_error,web,919
e0761,2026-01-03T07:22:00.000Z,u067,Acme,Free,export_csv,web,388
e0762,2026-01-21T23:21:00.000Z,u138,Globex,Team,query_error,web,857
e0763,2026-01-25T23:01:00.000Z,u080,Acme,Free,chart_apply,web,1077
e0764,2026-01-17T00:25:00.000Z,u106,Acme,Free,query_error,web,1256
e0765,2026-01-23T19:38:00.000Z,u097,Synogize,Pro,chart_apply,mobile,625
e0766,2026-01-09T08:02:00.000Z,u076,Synogize,Pro,export_csv,web,1428
e0767,2026-01-17T11:16:00.000Z,u045,Synogize,Pro,login,mobile,1204
e0768,2026-01-17T14:27:00.000Z,u134,Globex,Team,login,mobile,1341
e0769,2026-01-10T12:16:00.000Z,u078,Acme,Free,query_run,mobile,856
e0770,2026-01-09T21:18:00.000Z,u166,Globex,Team,export_csv,mobile,618
e0771,2026-01-07T18:53:00.000Z,u183,Globex,Team,query_run,web,423
e0772,2026-01-16T13:24:00.000Z,u102,Globex,Team,export_csv,web,723
e0773,2026-01-21T17:37:00.000Z,u063,Globex,Team,chart_apply,mobile,398
e0774,2026-01-10T15:17:00.000Z,u037,Globex,Team,login,web,1069
e0775,2026-01-04T17:48:00.000Z,u044,Synogize,Pro,export_csv,mobile,921
e0776,2026-01-06T21:53:00.000Z,u081,Acme,Free,login,mobile,1303
e0777,2026-01-29T19:31:00.000Z,u159,Synogize,Pro,query_run,mobile,1062
e0778,2026-01-03T00:24:00.000Z,u038,Synogize,Pro,query_run,mobile,779
e0779,2026-01-22T17:45:00.000Z,u129,Synogize,Pro,login,web,1139
e0780,2026-01-15T02:34:00.000Z,u009,Globex,Team,login,web,936
e0781,2026-01-30T07:27:00.000Z,u156,Acme,Free,login,web,1409
e0782,2026-01-29T12:54:00.000Z,u179,Globex,Team,query_error,web,841
e0783,2026-01-26T12:20:00.000Z,u130,Synogize,Pro,query_run,web,584
e0784,2026-01-13T19:34:00.000Z,u172,Acme,Free,login,web,1026
e0785,2026-01-15T12:46:00.000Z,u035,Acme,Free,login,web,1457
e0786,2026-01-04T13:01:00.000Z,u157,Globex,Team,export_csv,mobile,676
e0787,2026-01-02T14:13:00.000Z,u144,Synogize,Pro,export_csv,mobile,485
e0788,2026-01-05T14:38:00.000Z,u011,Globex,Team,chart_apply,web,1104
e0789,2026-01-15T06:41:00.000Z,u195,Globex,Team,login,mobile,1323
e0790,2026-01-21T07:23:00.000Z,u063,Synogize,Pro,login,web,1260
e0791,2026-01-27T15:07:00.000Z,u087,Acme,Free,export_csv,web,412
e0792,2026-01-10T17:03:00.000Z,u141,Synogize,Pro,login,web,1439
e0793,2026-01-10T09:18:00.000Z,u183,Globex,Team,chart_apply,web,508
e0794,2026-01-23T12:17:00.000Z,u149,Globex,Team,login,web,1240
e0795,2026-01-15T20:28:00.000Z,u067,Globex,Team,login,mobile,1032
e0796,2026-01-13T03:18:00.000Z,u173,Synogize,Pro,query_run,web,413
e0797,2026-01-29T10:57:00.000Z,u056,Globex,Team,chart_apply,mobile,412
e0798,2026-01-01T21:50:00.000Z,u177,Globex,Team,query_run,web,1157
e0799,2026-01-15T05:58:00.000Z,u065,Synogize,Pro,query_run,mobile,841
e0800,2026-01-28T09:00:00.000Z,u138,Synogize,Pro,login,mobile,1458
e0801,2026-01-02T19:28:00.000Z,u124,Acme,Free,login,mobile,1191
e0802,2026-01-07T16:08:00.000Z,u159,Synogize,Pro,export_csv,web,573
e0803,2026-01-07T18:23:00.000Z,u043,Globex,Team,query_error,web,950
e0804,2026-01-30T21:55:00.000Z,u186,Globex,Team,query_error,web,1074
e0805,2026-01-02T07:27:00.000Z,u019,Synogize,Pro,export_csv,mobile,390
e0806,2026-01-09T04:28:00.000Z,u093,Synogize,Pro,login,mobile,1172
e0807,2026-01-02T14:32:00.000Z,u002,Acme,Free,query_error,mobile,353
e0808,2026-01-29T00:26:00.000Z,u144,Acme,Free,export_csv,mobile,309
e0809,2026-01-18T07:44:00.000Z,u013,Globex,Team,chart_apply,mobile,780
e0810,2026-01-16T10:27:00.000Z,u149,Globex,Team,query_error,web,578
e0811,2026-01-30T09:06:00.000Z,u069,Synogize,Pro,chart_apply,mobile,327
e0812,2026-01-27T21:27:00.000Z,u144,Acme,Free,query_run,web,567
e0813,2026-01-20T04:34:00.000Z,u197,Synogize,Pro,export_csv,mobile,1069
e0814,2026-01-08T03:01:00.000Z,u164,Globex,Team,query_run,web,936
e0815,2026-01-17T17:27:00.000Z,u068,Synogize,Pro,export_csv,mobile,1271
e0816,2026-01-18T13:32:00.000Z,u196,Globex,Team,chart_apply,mobile,597
e0817,2026-01-18T06:06:00.000Z,u165,Acme,Free,query_run,mobile,692
e0818,2026-01-08T22:07:00.000Z,u087,Acme,Free,chart_apply,mobile,959
e0819,2026-01-19T19:18:00.000Z,u125,Acme,Free,export_csv,mobile,941
e0820,2026-01-21T03:09:00.000Z,u111,Synogize,Pro,chart_apply,web,986
e0821,2026-01-26T20:54:00.000Z,u146,Synogize,Pro,chart_apply,web,1406
e0822,2026-01-18T04:28:00.000Z,u185,Acme,Free,login,web,1116
e0823,2026-01-02T20:36:00.000Z,u043,Acme,Free,login,web,1148
e0824,2026-01-28T02:27:00.000Z,u057,Acme,Free,export_csv,mobile,318
e0825,2026-01-12T21:36:00.000Z,u186,Globex,Team,login,mobile,1020
e0826,2026-01-13T01:09:00.000Z,u035,Synogize,Pro,query_error,mobile,504
e0827,2026-01-25T14:39:00.000Z,u157,Acme,Free,query_run,mobile,1218
e0828,2026-01-17T08:05:00.000Z,u153,Globex,Team,query_error,web,1425
e0829,2026-01-12T05:16:00.000Z,u148,Acme,Free,export_csv,web,1358
e0830,2026-01-09T23:00:00.000Z,u129,Synogize,Pro,export_csv,web,477
e0831,2026-01-06T00:25:00.000Z,u167,Acme,Free,login,mobile,1218
e0832,2026-01-03T23:59:00.000Z,u058,Globex,Team,export_csv,mobile,1115
e0833,2026-01-18T12:47:00.000Z,u058,Synogize,Pro,export_csv,web,417
e0834,2026-01-11T12:10:00.000Z,u122,Acme,Free,login,mobile,1020
e0835,2026-01-08T06:13:00.000Z,u157,Acme,Free,export_csv,web,452
e0836,2026-01-15T19:36:00.000Z,u119,Acme,Free,chart_apply,mobile,846
e0837,2026-01-06T06:35:00.000Z,u070,Synogize,Pro,query_run,mobile,740
e0838,2026-01-21T08:08:00.000Z,u035,Globex,Team,chart_apply,web,675
e0839,2026-01-09T11:36:00.000Z,u014,Globex,Team,query_run,web,416
e0840,2026-01-15T15:22:00.000Z,u176,Synogize,Pro,login,web,964
e0841,2026-01-08T02:24:00.000Z,u006,Synogize,Pro,query_run,web,1126
e0842,2026-01-26T20:11:00.000Z,u098,Globex,Team,chart_apply,web,877
e0843,2026-01-17T07:17:00.000Z,u095,Acme,Free,export_csv,web,588
e0844,2026-01-05T03:25:00.000Z,u104,Acme,Free,export_csv,mobile,310
e0845,2026-01-28T08:47:00.000Z,u164,Synogize,Pro,login,web,1102
e0846,2026-01-04T20:49:00.000Z,u123,Acme,Free,export_csv,mobile,1220
e0847,2026-01-06T22:20:00.000Z,u029,Globex,Team,export_csv,web,544
e0848,2026-01-07T06:12:00.000Z,u180,Globex,Team,chart_apply,web,1495
e0849,2026-01-07T00:00:00.000Z,u187,Acme,Free,query_run,mobile,1151
e0850,2026-01-14T16:12:00.000Z,u073,Globex,Team,chart_apply,web,324
e0851,2026-01-01T05:25:00.000Z,u125,Globex,Team,chart_apply,web,1487
e0852,2026-01-28T05:01:00.000Z,u173,Acme,Free,login,web,1174
e0853,2026-01-25T03:51:00.000Z,u082,Globex,Team,login,mobile,878
e0854,2026-01-29T01:16:00.000Z,u165,Synogize,Pro,chart_apply,web,1445
e0855,2026-01-16T16:57:00.000Z,u103,Acme,Free,login,mobile,1346
e0856,2026-01-16T19:09:00.000Z,u105,Globex,Team,query_run,mobile,983
e0857,2026-01-18T09:51:00.000Z,u033,Synogize,Pro,chart_apply,web,358
e0858,2026-01-26T17:33:00.000Z,u111,Globex,Team,login,mobile,1305
e0859,2026-01-11T02:08:00.000Z,u062,Synogize,Pro,export_csv,mobile,1114
e0860,2026-01-13T17:18:00.000Z,u139,Synogize,Pro,export_csv,mobile,947
e0861,2026-01-24T04:05:00.000Z,u100,Globex,Team,chart_apply,mobile,976
e0862,2026-01-03T14:43:00.000Z,u033,Globex,Team,login,web,1348
e0863,2026-01-04T22:14:00.000Z,u141,Synogize,Pro,query_error,mobile,992
e0864,2026-01-03T22:21:00.000Z,u126,Acme,Free,query_error,mobile,1263
e0865,2026-01-06T23:50:00.000Z,u179,Globex,Team,query_error,mobile,1209
e0866,2026-01-08T21:12:00.000Z,u085,Acme,Free,chart_apply,mobile,395
e0867,2026-01-27T03:07:00.000Z,u162,Globex,Team,query_error,web,1019
e0868,2026-01-14T05:42:00.000Z,u054,Globex,Team,login,web,1120
e0869,2026-01-12T00:02:00.000Z,u096,Synogize,Pro,query_run,web,818
e0870,2026-01-10T02:29:00.000Z,u157,Globex,Team,export_csv,web,1405
e0871,2026-01-02T12:58:00.000Z,u084,Acme,Free,chart_apply,web,880
e0872,2026-01-22T16:47:00.000Z,u045,Synogize,Pro,query_run,web,1008
e0873,2026-01-29T16:56:00.000Z,u166,Acme,Free,login,mobile,1369
e0874,2026-01-13T23:33:00.000Z,u136,Globex,Team,chart_apply,mobile,329
e0875,2026-01-16T18:05:00.000Z,u021,Acme,Free,query_run,web,420
e0876,2026-01-09T16:16:00.000Z,u053,Globex,Team,login,web,940
e0877,2026-01-18T05:51:00.000Z,u018,Globex,Team,login,web,927
e0878,2026-01-20T20:25:00.000Z,u158,Acme,Free,query_error,mobile,1481
e0879,2026-01-25T17:10:00.000Z,u151,Synogize,Pro,export_csv,web,373
e0880,2026-01-02T03:27:00.000Z,u131,Acme,Free,export_csv,mobile,899
e0881,2026-01-22T18:14:00.000Z,u172,Acme,Free,export_csv,mobile,349
e0882,2026-01-20T19:31:00.000Z,u079,Acme,Free,chart_apply,web,1370
e0883,2026-01-30T14:23:00.000Z,u108,Acme,Free,login,web,810
e0884,2026-01-19T14:49:00.000Z,u121,Globex,Team,query_run,mobile,1078
e0885,2026-01-27T14:21:00.000Z,u058,Synogize,Pro,export_csv,web,680
e0886,2026-01-05T03:00:00.000Z,u176,Synogize,Pro,export_csv,mobile,800
e0887,2026-01-07T01:00:00.000Z,u137,Globex,Team,chart_apply,mobile,900
e0888,2026-01-01T00:07:00.000Z,u009,Globex,Team,query_error,web,708
e0889,2026-01-10T21:17:00.000Z,u100,Globex,Team,export_csv,mobile,905
e0890,2026-01-17T20:10:00.000Z,u043,Acme,Free,query_error,web,1231
e0891,2026-01-28T17:19:00.000Z,u181,Globex,Team,export_csv,mobile,1362
e0892,2026-01-05T22:53:00.000Z,u026,Globex,Team,chart_apply,mobile,654
e0893,2026-01-05T02:07:00.000Z,u049,Acme,Free,login,mobile,1164
e0894,2026-01-10T15:50:00.000Z,u029,Synogize,Pro,chart_apply,web,1006
e0895,2026-01-20T14:32:00.000Z,u070,Acme,Free,chart_apply,web,577
e0896,2026-01-02T17:00:00.000Z,u016,Globex,Team,login,web,1242
e0897,2026-01-19T06:29:00.000Z,u091,Globex,Team,login,web,1140
e0898,2026-01-14T14:26:00.000Z,u108,Synogize,Pro,query_run,web,758
e0899,2026-01-03T07:39:00.000Z,u106,Globex,Team,login,mobile,1254
e0900,2026-01-14T19:32:00.000Z,u148,Synogize,Pro,query_run,web,1348
e0901,2026-01-07T02:06:00.000Z,u152,Synogize,Pro,query_run,mobile,1169
e0902,2026-01-30T17:30:00.000Z,u159,Globex,Team,query_run,mobile,331
e0903,2026-01-18T11:06:00.000Z,u106,Globex,Team,query_run,web,1024
e0904,2026-01-13T15:40:00.000Z,u024,Acme,Free,login,mobile,917
e0905,2026-01-06T07:17:00.000Z,u139,Synogize,Pro,chart_apply,mobile,1182
e0906,2026-01-22T10:07:00.000Z,u029,Globex,Team,login,mobile,1332
e0907,2026-01-17T18:26:00.000Z,u084,Synogize,Pro,query_run,web,1345
e0908,2026-01-10T03:37:00.000Z,u035,Synogize,Pro,login,web,1425
e0909,2026-01-19T03:02:00.000Z,u020,Globex,Team,query_error,web,996
e0910,2026-01-06T17:10:00.000Z,u106,Synogize,Pro,query_run,mobile,423
e0911,2026-01-05T21:15:00.000Z,u167,Acme,Free,query_error,mobile,547
e0912,2026-01-15T14:38:00.000Z,u037,Synogize,Pro,chart_apply,mobile,1379
e0913,2026-01-22T23:25:00.000Z,u179,Globex,Team,login,web,1306
e0914,2026-01-28T20:25:00.000Z,u176,Globex,Team,chart_apply,mobile,443
e0915,2026-01-11T07:59:00.000Z,u184,Globex,Team,query_run,web,1316
e0916,2026-01-19T11:29:00.000Z,u178,Globex,Team,chart_apply,web,1320
e0917,2026-01-10T11:55:00.000Z,u116,Globex,Team,chart_apply,mobile,1064
e0918,2026-01-09T10:42:00.000Z,u038,Synogize,Pro,login,web,1201
e0919,2026-01-26T04:37:00.000Z,u155,Acme,Free,export_csv,mobile,1166
e0920,2026-01-03T04:57:00.000Z,u143,Synogize,Pro,query_error,mobile,478
e0921,2026-01-03T19:18:00.000Z,u165,Acme,Free,login,web,834
e0922,2026-01-24T21:57:00.000Z,u083,Globex,Team,query_error,web,1211
e0923,2026-01-26T18:37:00.000Z,u120,Globex,Team,query_run,mobile,1217
e0924,2026-01-11T12:20:00.000Z,u123,Acme,Free,query_run,mobile,920
e0925,2026-01-07T21:33:00.000Z,u187,Globex,Team,query_run,web,1171
e0926,2026-01-24T00:33:00.000Z,u180,Acme,Free,export_csv,mobile,868
e0927,2026-01-29T18:46:00.000Z,u160,Acme,Free,chart_apply,mobile,1393
e0928,2026-01-27T05:32:00.000Z,u061,Synogize,Pro,query_run,web,1348
e0929,2026-01-09T04:24:00.000Z,u032,Globex,Team,chart_apply,web,849
e0930,2026-01-13T11:51:00.000Z,u179,Globex,Team,export_csv,mobile,1492
e0931,2026-01-19T18:53:00.000Z,u098,Acme,Free,export_csv,mobile,1121
e0932,2026-01-07T09:37:00.000Z,u183,Acme,Free,login,mobile,1336
e0933,2026-01-29T17:58:00.000Z,u183,Synogize,Pro,query_run,web,1213
e0934,2026-01-13T03:54:00.000Z,u006,Acme,Free,query_run,web,1152
e0935,2026-01-15T04:23:00.000Z,u147,Acme,Free,query_error,mobile,354
e0936,2026-01-28T09:49:00.000Z,u121,Synogize,Pro,chart_apply,mobile,1228
e0937,2026-01-28T11:13:00.000Z,u037,Acme,Free,login,mobile,1139
e0938,2026-01-07T20:15:00.000Z,u033,Synogize,Pro,login,mobile,1443
e0939,2026-01-08T22:49:00.000Z,u051,Globex,Team,query_error,mobile,385
e0940,2026-01-01T07:47:00.000Z,u010,Synogize,Pro,chart_apply,mobile,1167
e0941,2026-01-21T08:14:00.000Z,u129,Acme,Free,login,web,1308
e0942,2026-01-06T17:20:00.000Z,u182,Acme,Free,export_csv,mobile,315
e0943,2026-01-20T09:21:00.000Z,u120,Globex,Team,query_error,mobile,403
e0944,2026-01-28T03:51:00.000Z,u127,Synogize,Pro,login,web,1056
e0945,2026-01-18T11:12:00.000Z,u082,Acme,Free,export_csv,mobile,822
e0946,2026-01-19T20:47:00.000Z,u135,Acme,Free,login,web,1289
e0947,2026-01-02T14:33:00.000Z,u002,Acme,Free,chart_apply,web,989
e0948,2026-01-04T08:33:00.000Z,u101,Acme,Free,export_csv,mobile,386
e0949,2026-01-20T10:15:00.000Z,u082,Globex,Team,login,web,912
e0950,2026-01-30T19:26:00.000Z,u058,Synogize,Pro,login,mobile,815
e0951,2026-01-02T08:00:00.000Z,u197,Acme,Free,export_csv,web,1487
e0952,2026-01-21T11:24:00.000Z,u024,Globex,Team,login,mobile,1008
e0953,2026-01-13T10:48:00.000Z,u012,Acme,Free,chart_apply,mobile,1334
e0954,2026-01-02T04:01:00.000Z,u146,Globex,Team,login,mobile,927
e0955,2026-01-10T01:34:00.000Z,u114,Acme,Free,chart_apply,mobile,750
e0956,2026-01-26T02:25:00.000Z,u072,Acme,Free,query_run,web,1431
e0957,2026-01-11T17:47:00.000Z,u121,Synogize,Pro,query_error,mobile,737
e0958,2026-01-30T14:01:00.000Z,u036,Globex,Team,export_csv,web,735
e0959,2026-01-13T03:31:00.000Z,u144,Acme,Free,query_error,mobile,1198
e0960,2026-01-23T02:29:00.000Z,u116,Globex,Team,chart_apply,web,1040
e0961,2026-01-05T20:31:00.000Z,u135,Acme,Free,query_error,web,1151
e0962,2026-01-14T10:34:00.000Z,u006,Synogize,Pro,chart_apply,mobile,786
e0963,2026-01-24T07:40:00.000Z,u154,Globex,Team,login,mobile,1096
e0964,2026-01-15T04:23:00.000Z,u128,Acme,Free,export_csv,web,916
e0965,2026-01-11T17:28:00.000Z,u013,Acme,Free,login,mobile,1015
e0966,2026-01-01T16:52:00.000Z,u134,Acme,Free,login,mobile,858
e0967,2026-01-15T02:38:00.000Z,u162,Synogize,Pro,query_run,mobile,389
e0968,2026-01-29T15:25:00.000Z,u050,Synogize,Pro,login,web,1301
e0969,2026-01-07T12:38:00.000Z,u162,Globex,Team,query_error,web,559
e0970,2026-01-09T18:55:00.000Z,u179,Acme,Free,login,mobile,1036
e0971,2026-01-28T03:53:00.000Z,u060,Synogize,Pro,query_error,web,1243
e0972,2026-01-18T07:11:00.000Z,u163,Synogize,Pro,chart_apply,web,873
e0973,2026-01-06T00:59:00.000Z,u028,Globex,Team,chart_apply,mobile,588
e0974,2026-01-05T04:50:00.000Z,u002,Synogize,Pro,login,mobile,1251
e0975,2026-01-08T12:20:00.000Z,u061,Globex,Team,login,mobile,1130
e0976,2026-01-03T17:32:00.000Z,u083,Acme,Free,query_run,mobile,1308
e0977,2026-01-18T13:54:00.000Z,u048,Globex,Team,query_run,mobile,333
e0978,2026-01-13T23:46:00.000Z,u047,Synogize,Pro,query_error,web,576
e0979,2026-01-13T09:55:00.000Z,u193,Synogize,Pro,query_run,mobile,300
e0980,2026-01-15T15:18:00.000Z,u134,Synogize,Pro,export_csv,mobile,505
e0981,2026-01-28T20:26:00.000Z,u060,Synogize,Pro,export_csv,mobile,759
e0982,2026-01-18T15:23:00.000Z,u096,Synogize,Pro,query_error,web,546
e0983,2026-01-26T11:46:00.000Z,u030,Globex,Team,query_run,web,459
e0984,2026-01-09T18:58:00.000Z,u172,Globex,Team,login,web,810
e0985,2026-01-27T14:18:00.000Z,u007,Synogize,Pro,login,mobile,851
e0986,2026-01-04T10:07:00.000Z,u089,Globex,Team,login,web,1066
e0987,2026-01-03T09:13:00.000Z,u185,Synogize,Pro,query_error,mobile,408
e0988,2026-01-07T08:12:00.000Z,u194,Acme,Free,query_error,web,1066
e0989,2026-01-19T03:36:00.000Z,u084,Synogize,Pro,chart_apply,web,1325
e0990,2026-01-17T14:15:00.000Z,u020,Synogize,Pro,chart_apply,web,317
e0991,2026-01-13T11:14:00.000Z,u111,Globex,Team,query_error,mobile,687
e0992,2026-01-04T05:47:00.000Z,u008,Acme,Free,chart_apply,mobile,544
e0993,2026-01-15T01:27:00.000Z,u144,Globex,Team,export_csv,mobile,1359
e0994,2026-01-16T20:20:00.000Z,u001,Globex,Team,chart_apply,web,723
e0995,2026-01-08T17:47:00.000Z,u055,Acme,Free,chart_apply,web,1293
e0996,2026-01-23T20:33:00.000Z,u168,Globex,Team,query_run,mobile,1196
e0997,2026-01-06T15:04:00.000Z,u027,Globex,Team,export_csv,web,1136
e0998,2026-01-20T13:38:00.000Z,u044,Synogize,Pro,query_run,web,1005
e0999,2026-01-23T15:56:00.000Z,u059,Synogize,Pro,chart_apply,mobile,655
e1000,2026-01-12T21:20:00.000Z,u007,Acme,Free,query_run,mobile,1376